<IMAG>
    <IMAGES>
        <X>0.489216</X>
        <Y>0.369582</Y>
        <ORIGX>0.500000</ORIGX>
        <ORIGY>0.375000</ORIGY>
        <ID>2</ID>
        <URI>images/DSC_0041.JPG</URI>
    </IMAGES>
    <IMAGES>
        <X>0.619355</X>
        <Y>0.373090</Y>
        <ORIGX>0.625000</ORIGX>
        <ORIGY>0.375000</ORIGY>
        <ID>3</ID>
        <URI>images/DSC_0042.JPG</URI>
    </IMAGES>
    <IMAGES>
        <X>0.495338</X>
        <Y>0.617344</Y>
        <ORIGX>0.500000</ORIGX>
        <ORIGY>0.625000</ORIGY>
        <ID>4</ID>
        <URI>images/DSC_0043.JPG</URI>
    </IMAGES>
    <IMAGES>
        <X>0.261563</X>
        <Y>0.480846</Y>
        <ORIGX>0.250000</ORIGX>
        <ORIGY>0.500000</ORIGY>
        <ID>5</ID>
        <URI>images/DSC_0044.JPG</URI>
    </IMAGES>
    <IMAGES>
        <X>0.502459</X>
        <Y>0.251394</Y>
        <ORIGX>0.500000</ORIGX>
        <ORIGY>0.250000</ORIGY>
        <ID>6</ID>
        <URI>images/DSC_0045.JPG</URI>
    </IMAGES>
    <IMAGES>
        <X>0.370024</X>
        <Y>0.121771</Y>
        <ORIGX>0.375000</ORIGX>
        <ORIGY>0.125000</ORIGY>
        <ID>7</ID>
        <URI>images/DSC_0047.JPG</URI>
    </IMAGES>
    <IMAGES>
        <X>0.627234</X>
        <Y>0.119236</Y>
        <ORIGX>0.625000</ORIGX>
        <ORIGY>0.125000</ORIGY>
        <ID>8</ID>
        <URI>images/DSC_0048.JPG</URI>
    </IMAGES>
    <IMAGES>
        <X>0.620885</X>
        <Y>0.260116</Y>
        <ORIGX>0.625000</ORIGX>
        <ORIGY>0.250000</ORIGY>
        <ID>9</ID>
        <URI>images/DSC_0049.JPG</URI>
    </IMAGES>
    <IMAGES>
        <X>0.371620</X>
        <Y>0.251770</Y>
        <ORIGX>0.375000</ORIGX>
        <ORIGY>0.250000</ORIGY>
        <ID>10</ID>
        <URI>images/DSC_0050.JPG</URI>
    </IMAGES>
    <IMAGES>
        <X>0.749988</X>
        <Y>0.121232</Y>
        <ORIGX>0.750000</ORIGX>
        <ORIGY>0.125000</ORIGY>
        <ID>11</ID>
        <URI>images/DSC_0051.JPG</URI>
    </IMAGES>
    <IMAGES>
        <X>0.627316</X>
        <Y>0.500384</Y>
        <ORIGX>0.625000</ORIGX>
        <ORIGY>0.500000</ORIGY>
        <ID>12</ID>
        <URI>images/DSC_0052.JPG</URI>
    </IMAGES>
    <IMAGES>
        <X>0.494605</X>
        <Y>0.117891</Y>
        <ORIGX>0.500000</ORIGX>
        <ORIGY>0.125000</ORIGY>
        <ID>13</ID>
        <URI>images/DSC_0053.JPG</URI>
    </IMAGES>
    <IMAGES>
        <X>0.247652</X>
        <Y>0.136538</Y>
        <ORIGX>0.250000</ORIGX>
        <ORIGY>0.125000</ORIGY>
        <ID>14</ID>
        <URI>images/DSC_0054.JPG</URI>
    </IMAGES>
    <IMAGES>
        <X>0.375728</X>
        <Y>0.371135</Y>
        <ORIGX>0.375000</ORIGX>
        <ORIGY>0.375000</ORIGY>
        <ID>15</ID>
        <URI>images/DSC_0055.JPG</URI>
    </IMAGES>
    <IMAGES>
        <X>0.383137</X>
        <Y>0.502143</Y>
        <ORIGX>0.375000</ORIGX>
        <ORIGY>0.500000</ORIGY>
        <ID>16</ID>
        <URI>images/DSC_0056.JPG</URI>
    </IMAGES>
    <IMAGES>
        <X>0.496260</X>
        <Y>0.481787</Y>
        <ORIGX>0.500000</ORIGX>
        <ORIGY>0.500000</ORIGY>
        <ID>17</ID>
        <URI>images/DSC_0058.JPG</URI>
    </IMAGES>
    <IMAGES>
        <X>0.745067</X>
        <Y>0.365499</Y>
        <ORIGX>0.750000</ORIGX>
        <ORIGY>0.375000</ORIGY>
        <ID>18</ID>
        <URI>images/DSC_0060.JPG</URI>
    </IMAGES>
    <IMAGES>
        <X>0.882998</X>
        <Y>0.383258</Y>
        <ORIGX>0.875000</ORIGX>
        <ORIGY>0.375000</ORIGY>
        <ID>19</ID>
        <URI>images/DSC_0061.JPG</URI>
    </IMAGES>
    <IMAGES>
        <X>0.252311</X>
        <Y>0.370344</Y>
        <ORIGX>0.250000</ORIGX>
        <ORIGY>0.375000</ORIGY>
        <ID>20</ID>
        <URI>images/DSC_0062.JPG</URI>
    </IMAGES>
    <IMAGES>
        <X>0.120577</X>
        <Y>0.121514</Y>
        <ORIGX>0.125000</ORIGX>
        <ORIGY>0.125000</ORIGY>
        <ID>21</ID>
        <URI>images/DSC_0063.JPG</URI>
    </IMAGES>
    <IMAGES>
        <X>0.124614</X>
        <Y>0.257573</Y>
        <ORIGX>0.125000</ORIGX>
        <ORIGY>0.250000</ORIGY>
        <ID>22</ID>
        <URI>images/DSC_0064.JPG</URI>
    </IMAGES>
    <IMAGES>
        <X>0.616168</X>
        <Y>0.597424</Y>
        <ORIGX>0.625000</ORIGX>
        <ORIGY>0.625000</ORIGY>
        <ID>23</ID>
        <URI>images/DSC_0065.JPG</URI>
    </IMAGES>
    <IMAGES>
        <X>0.752644</X>
        <Y>0.257100</Y>
        <ORIGX>0.750000</ORIGX>
        <ORIGY>0.250000</ORIGY>
        <ID>24</ID>
        <URI>images/DSC_0066.JPG</URI>
    </IMAGES>
    <IMAGES>
        <X>0.865182</X>
        <Y>0.118053</Y>
        <ORIGX>0.875000</ORIGX>
        <ORIGY>0.125000</ORIGY>
        <ID>25</ID>
        <URI>images/DSC_0067.JPG</URI>
    </IMAGES>
    <IMAGES>
        <X>0.360435</X>
        <Y>0.600853</Y>
        <ORIGX>0.375000</ORIGX>
        <ORIGY>0.625000</ORIGY>
        <ID>26</ID>
        <URI>images/DSC_0068.JPG</URI>
    </IMAGES>
    <IMAGES>
        <X>0.500193</X>
        <Y>0.190049</Y>
        <ORIGX>0.500000</ORIGX>
        <ORIGY>0.187500</ORIGY>
        <ID>27</ID>
        <URI>images/DSC_0069.JPG</URI>
    </IMAGES>
    <IMAGES>
        <X>0.317260</X>
        <Y>0.259780</Y>
        <ORIGX>0.312500</ORIGX>
        <ORIGY>0.250000</ORIGY>
        <ID>28</ID>
        <URI>images/DSC_0070.JPG</URI>
    </IMAGES>
    <IMAGES>
        <X>0.317994</X>
        <Y>0.367800</Y>
        <ORIGX>0.312500</ORIGX>
        <ORIGY>0.375000</ORIGY>
        <ID>29</ID>
        <URI>images/DSC_0071.JPG</URI>
    </IMAGES>
    <IMAGES>
        <X>0.306483</X>
        <Y>0.194018</Y>
        <ORIGX>0.312500</ORIGX>
        <ORIGY>0.187500</ORIGY>
        <ID>30</ID>
        <URI>images/DSC_0074.JPG</URI>
    </IMAGES>
    <IMAGES>
        <X>0.378159</X>
        <Y>0.190485</Y>
        <ORIGX>0.375000</ORIGX>
        <ORIGY>0.187500</ORIGY>
        <ID>31</ID>
        <URI>images/DSC_0077.JPG</URI>
    </IMAGES>
    <IMAGES>
        <X>0.304292</X>
        <Y>0.128036</Y>
        <ORIGX>0.312500</ORIGX>
        <ORIGY>0.125000</ORIGY>
        <ID>32</ID>
        <URI>images/DSC_0078.JPG</URI>
    </IMAGES>
    <IMAGES>
        <X>0.562846</X>
        <Y>0.604404</Y>
        <ORIGX>0.562500</ORIGX>
        <ORIGY>0.625000</ORIGY>
        <ID>33</ID>
        <URI>images/DSC_0079.JPG</URI>
    </IMAGES>
    <IMAGES>
        <X>0.444357</X>
        <Y>0.669363</Y>
        <ORIGX>0.437500</ORIGX>
        <ORIGY>0.687500</ORIGY>
        <ID>34</ID>
        <URI>images/DSC_0082.JPG</URI>
    </IMAGES>
    <IMAGES>
        <X>0.385360</X>
        <Y>0.315066</Y>
        <ORIGX>0.375000</ORIGX>
        <ORIGY>0.312500</ORIGY>
        <ID>35</ID>
        <URI>images/DSC_0083.JPG</URI>
    </IMAGES>
    <IMAGES>
        <X>0.750927</X>
        <Y>0.433752</Y>
        <ORIGX>0.750000</ORIGX>
        <ORIGY>0.437500</ORIGY>
        <ID>36</ID>
        <URI>images/DSC_0084.JPG</URI>
    </IMAGES>
    <IMAGES>
        <X>0.249235</X>
        <Y>0.185852</Y>
        <ORIGX>0.250000</ORIGX>
        <ORIGY>0.187500</ORIGY>
        <ID>37</ID>
        <URI>images/DSC_0089.JPG</URI>
    </IMAGES>
    <IMAGES>
        <X>0.313593</X>
        <Y>0.064309</Y>
        <ORIGX>0.312500</ORIGX>
        <ORIGY>0.062500</ORIGY>
        <ID>38</ID>
        <URI>images/DSC_0090.JPG</URI>
    </IMAGES>
    <IMAGES>
        <X>0.255578</X>
        <Y>0.650852</Y>
        <ORIGX>0.250000</ORIGX>
        <ORIGY>0.625000</ORIGY>
        <ID>39</ID>
        <URI>images/DSC_0095.JPG</URI>
    </IMAGES>
    <IMAGES>
        <X>0.439568</X>
        <Y>0.126372</Y>
        <ORIGX>0.437500</ORIGX>
        <ORIGY>0.125000</ORIGY>
        <ID>40</ID>
        <URI>images/DSC_0096.JPG</URI>
    </IMAGES>
    <IMAGES>
        <X>0.559771</X>
        <Y>0.366885</Y>
        <ORIGX>0.562500</ORIGX>
        <ORIGY>0.375000</ORIGY>
        <ID>41</ID>
        <URI>images/DSC_0097.JPG</URI>
    </IMAGES>
    <IMAGES>
        <X>0.441751</X>
        <Y>0.187350</Y>
        <ORIGX>0.437500</ORIGX>
        <ORIGY>0.187500</ORIGY>
        <ID>42</ID>
        <URI>images/DSC_0098.JPG</URI>
    </IMAGES>
    <IMAGES>
        <X>0.627855</X>
        <Y>0.437918</Y>
        <ORIGX>0.625000</ORIGX>
        <ORIGY>0.437500</ORIGY>
        <ID>43</ID>
        <URI>images/DSC_0099.JPG</URI>
    </IMAGES>
    <IMAGES>
        <X>0.565293</X>
        <Y>0.434386</Y>
        <ORIGX>0.562500</ORIGX>
        <ORIGY>0.437500</ORIGY>
        <ID>44</ID>
        <URI>images/DSC_0100.JPG</URI>
    </IMAGES>
    <IMAGES>
        <X>0.442609</X>
        <Y>0.374162</Y>
        <ORIGX>0.437500</ORIGX>
        <ORIGY>0.375000</ORIGY>
        <ID>45</ID>
        <URI>images/DSC_0101.JPG</URI>
    </IMAGES>
    <IMAGES>
        <X>0.379654</X>
        <Y>0.569504</Y>
        <ORIGX>0.375000</ORIGX>
        <ORIGY>0.562500</ORIGY>
        <ID>46</ID>
        <URI>images/DSC_0102.JPG</URI>
    </IMAGES>
    <IMAGES>
        <X>0.431996</X>
        <Y>0.568122</Y>
        <ORIGX>0.437500</ORIGX>
        <ORIGY>0.562500</ORIGY>
        <ID>47</ID>
        <URI>images/DSC_0103.JPG</URI>
    </IMAGES>
    <IMAGES>
        <X>0.427631</X>
        <Y>0.444696</Y>
        <ORIGX>0.437500</ORIGX>
        <ORIGY>0.437500</ORIGY>
        <ID>48</ID>
        <URI>images/DSC_0104.JPG</URI>
    </IMAGES>
    <IMAGES>
        <X>0.810599</X>
        <Y>0.123736</Y>
        <ORIGX>0.812500</ORIGX>
        <ORIGY>0.125000</ORIGY>
        <ID>49</ID>
        <URI>images/DSC_0105.JPG</URI>
    </IMAGES>
    <IMAGES>
        <X>0.435001</X>
        <Y>0.324158</Y>
        <ORIGX>0.437500</ORIGX>
        <ORIGY>0.312500</ORIGY>
        <ID>50</ID>
        <URI>images/DSC_0106.JPG</URI>
    </IMAGES>
    <IMAGES>
        <X>0.486759</X>
        <Y>0.302435</Y>
        <ORIGX>0.500000</ORIGX>
        <ORIGY>0.312500</ORIGY>
        <ID>51</ID>
        <URI>images/DSC_0108.JPG</URI>
    </IMAGES>
    <IMAGES>
        <X>0.559059</X>
        <Y>0.192767</Y>
        <ORIGX>0.562500</ORIGX>
        <ORIGY>0.187500</ORIGY>
        <ID>52</ID>
        <URI>images/DSC_0109.JPG</URI>
    </IMAGES>
    <IMAGES>
        <X>0.545271</X>
        <Y>0.062212</Y>
        <ORIGX>0.562500</ORIGX>
        <ORIGY>0.062500</ORIGY>
        <ID>53</ID>
        <URI>images/DSC_0110.JPG</URI>
    </IMAGES>
    <IMAGES>
        <X>0.253856</X>
        <Y>0.064986</Y>
        <ORIGX>0.250000</ORIGX>
        <ORIGY>0.062500</ORIGY>
        <ID>54</ID>
        <URI>images/DSC_0112.JPG</URI>
    </IMAGES>
    <IMAGES>
        <X>0.376739</X>
        <Y>0.066215</Y>
        <ORIGX>0.375000</ORIGX>
        <ORIGY>0.062500</ORIGY>
        <ID>55</ID>
        <URI>images/DSC_0113.JPG</URI>
    </IMAGES>
    <IMAGES>
        <X>0.171776</X>
        <Y>0.056081</Y>
        <ORIGX>0.187500</ORIGX>
        <ORIGY>0.062500</ORIGY>
        <ID>56</ID>
        <URI>images/DSC_0114.JPG</URI>
    </IMAGES>
    <IMAGES>
        <X>0.058428</X>
        <Y>0.184529</Y>
        <ORIGX>0.062500</ORIGX>
        <ORIGY>0.187500</ORIGY>
        <ID>57</ID>
        <URI>images/DSC_0115.JPG</URI>
    </IMAGES>
    <IMAGES>
        <X>0.493071</X>
        <Y>0.076271</Y>
        <ORIGX>0.500000</ORIGX>
        <ORIGY>0.062500</ORIGY>
        <ID>58</ID>
        <URI>images/DSC_0116.JPG</URI>
    </IMAGES>
    <IMAGES>
        <X>0.187901</X>
        <Y>0.123318</Y>
        <ORIGX>0.187500</ORIGX>
        <ORIGY>0.125000</ORIGY>
        <ID>59</ID>
        <URI>images/DSC_0117.JPG</URI>
    </IMAGES>
    <IMAGES>
        <X>0.048836</X>
        <Y>0.041632</Y>
        <ORIGX>0.062500</ORIGX>
        <ORIGY>0.062500</ORIGY>
        <ID>60</ID>
        <URI>images/DSC_0118.JPG</URI>
    </IMAGES>
    <IMAGES>
        <X>0.062447</X>
        <Y>0.325823</Y>
        <ORIGX>0.062500</ORIGX>
        <ORIGY>0.312500</ORIGY>
        <ID>61</ID>
        <URI>images/DSC_0119.JPG</URI>
    </IMAGES>
    <IMAGES>
        <X>0.380826</X>
        <Y>0.435106</Y>
        <ORIGX>0.375000</ORIGX>
        <ORIGY>0.437500</ORIGY>
        <ID>62</ID>
        <URI>images/DSC_0122.JPG</URI>
    </IMAGES>
    <IMAGES>
        <X>0.313009</X>
        <Y>0.304240</Y>
        <ORIGX>0.312500</ORIGX>
        <ORIGY>0.312500</ORIGY>
        <ID>63</ID>
        <URI>images/DSC_0123.JPG</URI>
    </IMAGES>
    <IMAGES>
        <X>0.189400</X>
        <Y>0.262826</Y>
        <ORIGX>0.187500</ORIGX>
        <ORIGY>0.250000</ORIGY>
        <ID>64</ID>
        <URI>images/DSC_0124.JPG</URI>
    </IMAGES>
    <IMAGES>
        <X>0.178598</X>
        <Y>0.186647</Y>
        <ORIGX>0.187500</ORIGX>
        <ORIGY>0.187500</ORIGY>
        <ID>65</ID>
        <URI>images/DSC_0125.JPG</URI>
    </IMAGES>
    <IMAGES>
        <X>0.196398</X>
        <Y>0.306459</Y>
        <ORIGX>0.187500</ORIGX>
        <ORIGY>0.312500</ORIGY>
        <ID>66</ID>
        <URI>images/DSC_0126.JPG</URI>
    </IMAGES>
    <IMAGES>
        <X>0.133141</X>
        <Y>0.074620</Y>
        <ORIGX>0.125000</ORIGX>
        <ORIGY>0.062500</ORIGY>
        <ID>67</ID>
        <URI>images/DSC_0127.JPG</URI>
    </IMAGES>
    <IMAGES>
        <X>0.434594</X>
        <Y>0.068462</Y>
        <ORIGX>0.437500</ORIGX>
        <ORIGY>0.062500</ORIGY>
        <ID>68</ID>
        <URI>images/DSC_0128.JPG</URI>
    </IMAGES>
    <IMAGES>
        <X>0.562602</X>
        <Y>0.131034</Y>
        <ORIGX>0.562500</ORIGX>
        <ORIGY>0.125000</ORIGY>
        <ID>69</ID>
        <URI>images/DSC_0130.JPG</URI>
    </IMAGES>
    <IMAGES>
        <X>0.258893</X>
        <Y>0.309305</Y>
        <ORIGX>0.250000</ORIGX>
        <ORIGY>0.312500</ORIGY>
        <ID>70</ID>
        <URI>images/DSC_0131.JPG</URI>
    </IMAGES>
    <IMAGES>
        <X>0.552328</X>
        <Y>0.482849</Y>
        <ORIGX>0.562500</ORIGX>
        <ORIGY>0.500000</ORIGY>
        <ID>71</ID>
        <URI>images/DSC_0132.JPG</URI>
    </IMAGES>
    <IMAGES>
        <X>0.439030</X>
        <Y>0.601742</Y>
        <ORIGX>0.437500</ORIGX>
        <ORIGY>0.625000</ORIGY>
        <ID>72</ID>
        <URI>images/DSC_0133.JPG</URI>
    </IMAGES>
    <IMAGES>
        <X>0.320120</X>
        <Y>0.431637</Y>
        <ORIGX>0.312500</ORIGX>
        <ORIGY>0.437500</ORIGY>
        <ID>73</ID>
        <URI>images/DSC_0136.JPG</URI>
    </IMAGES>
    <IMAGES>
        <X>0.063921</X>
        <Y>0.377641</Y>
        <ORIGX>0.062500</ORIGX>
        <ORIGY>0.375000</ORIGY>
        <ID>74</ID>
        <URI>images/DSC_0137.JPG</URI>
    </IMAGES>
    <IMAGES>
        <X>0.054200</X>
        <Y>0.133242</Y>
        <ORIGX>0.062500</ORIGX>
        <ORIGY>0.125000</ORIGY>
        <ID>75</ID>
        <URI>images/DSC_0138.JPG</URI>
    </IMAGES>
    <IMAGES>
        <X>0.620987</X>
        <Y>0.186944</Y>
        <ORIGX>0.625000</ORIGX>
        <ORIGY>0.187500</ORIGY>
        <ID>76</ID>
        <URI>images/DSC_0139.JPG</URI>
    </IMAGES>
    <IMAGES>
        <X>0.874168</X>
        <Y>0.183150</Y>
        <ORIGX>0.875000</ORIGX>
        <ORIGY>0.187500</ORIGY>
        <ID>77</ID>
        <URI>images/DSC_0140.JPG</URI>
    </IMAGES>
    <IMAGES>
        <X>0.566810</X>
        <Y>0.318742</Y>
        <ORIGX>0.562500</ORIGX>
        <ORIGY>0.312500</ORIGY>
        <ID>78</ID>
        <URI>images/DSC_0141.JPG</URI>
    </IMAGES>
    <IMAGES>
        <X>0.123357</X>
        <Y>0.309582</Y>
        <ORIGX>0.125000</ORIGX>
        <ORIGY>0.312500</ORIGY>
        <ID>79</ID>
        <URI>images/DSC_0142.JPG</URI>
    </IMAGES>
    <IMAGES>
        <X>0.438330</X>
        <Y>0.254298</Y>
        <ORIGX>0.437500</ORIGX>
        <ORIGY>0.250000</ORIGY>
        <ID>80</ID>
        <URI>images/DSC_0143.JPG</URI>
    </IMAGES>
    <IMAGES>
        <X>0.181339</X>
        <Y>0.367588</Y>
        <ORIGX>0.187500</ORIGX>
        <ORIGY>0.375000</ORIGY>
        <ID>81</ID>
        <URI>images/DSC_0144.JPG</URI>
    </IMAGES>
    <IMAGES>
        <X>0.188846</X>
        <Y>0.427935</Y>
        <ORIGX>0.187500</ORIGX>
        <ORIGY>0.437500</ORIGY>
        <ID>82</ID>
        <URI>images/DSC_0145.JPG</URI>
    </IMAGES>
    <IMAGES>
        <X>0.125384</X>
        <Y>0.189315</Y>
        <ORIGX>0.125000</ORIGX>
        <ORIGY>0.187500</ORIGY>
        <ID>83</ID>
        <URI>images/DSC_0147.JPG</URI>
    </IMAGES>
    <IMAGES>
        <X>0.142123</X>
        <Y>0.374612</Y>
        <ORIGX>0.125000</ORIGX>
        <ORIGY>0.375000</ORIGY>
        <ID>84</ID>
        <URI>images/DSC_0148.JPG</URI>
    </IMAGES>
    <IMAGES>
        <X>0.558562</X>
        <Y>0.257272</Y>
        <ORIGX>0.562500</ORIGX>
        <ORIGY>0.250000</ORIGY>
        <ID>85</ID>
        <URI>images/DSC_0149.JPG</URI>
    </IMAGES>
    <IMAGES>
        <X>0.503621</X>
        <Y>0.442123</Y>
        <ORIGX>0.500000</ORIGX>
        <ORIGY>0.437500</ORIGY>
        <ID>86</ID>
        <URI>images/DSC_0150.JPG</URI>
    </IMAGES>
    <IMAGES>
        <X>0.610883</X>
        <Y>0.308469</Y>
        <ORIGX>0.625000</ORIGX>
        <ORIGY>0.312500</ORIGY>
        <ID>87</ID>
        <URI>images/DSC_0151.JPG</URI>
    </IMAGES>
    <IMAGES>
        <X>0.193630</X>
        <Y>0.491316</Y>
        <ORIGX>0.187500</ORIGX>
        <ORIGY>0.500000</ORIGY>
        <ID>88</ID>
        <URI>images/DSC_0152.JPG</URI>
    </IMAGES>
    <IMAGES>
        <X>0.307890</X>
        <Y>0.496076</Y>
        <ORIGX>0.312500</ORIGX>
        <ORIGY>0.500000</ORIGY>
        <ID>89</ID>
        <URI>images/DSC_0153.JPG</URI>
    </IMAGES>
    <IMAGES>
        <X>0.429117</X>
        <Y>0.486707</Y>
        <ORIGX>0.437500</ORIGX>
        <ORIGY>0.500000</ORIGY>
        <ID>90</ID>
        <URI>images/DSC_0154.JPG</URI>
    </IMAGES>
    <IMAGES>
        <X>0.199285</X>
        <Y>0.582594</Y>
        <ORIGX>0.187500</ORIGX>
        <ORIGY>0.562500</ORIGY>
        <ID>91</ID>
        <URI>images/DSC_0155.JPG</URI>
    </IMAGES>
    <IMAGES>
        <X>0.311392</X>
        <Y>0.602057</Y>
        <ORIGX>0.312500</ORIGX>
        <ORIGY>0.625000</ORIGY>
        <ID>92</ID>
        <URI>images/DSC_0157.JPG</URI>
    </IMAGES>
    <IMAGES>
        <X>0.692563</X>
        <Y>0.186275</Y>
        <ORIGX>0.687500</ORIGX>
        <ORIGY>0.187500</ORIGY>
        <ID>93</ID>
        <URI>images/DSC_0158.JPG</URI>
    </IMAGES>
    <IMAGES>
        <X>0.815017</X>
        <Y>0.368570</Y>
        <ORIGX>0.812500</ORIGX>
        <ORIGY>0.375000</ORIGY>
        <ID>94</ID>
        <URI>images/DSC_0159.JPG</URI>
    </IMAGES>
    <IMAGES>
        <X>0.808818</X>
        <Y>0.437525</Y>
        <ORIGX>0.812500</ORIGX>
        <ORIGY>0.437500</ORIGY>
        <ID>95</ID>
        <URI>images/DSC_0160.JPG</URI>
    </IMAGES>
    <IMAGES>
        <X>0.684533</X>
        <Y>0.135921</Y>
        <ORIGX>0.687500</ORIGX>
        <ORIGY>0.125000</ORIGY>
        <ID>96</ID>
        <URI>images/DSC_0161.JPG</URI>
    </IMAGES>
    <IMAGES>
        <X>0.691617</X>
        <Y>0.310780</Y>
        <ORIGX>0.687500</ORIGX>
        <ORIGY>0.312500</ORIGY>
        <ID>97</ID>
        <URI>images/DSC_0162.JPG</URI>
    </IMAGES>
    <IMAGES>
        <X>0.816434</X>
        <Y>0.188783</Y>
        <ORIGX>0.812500</ORIGX>
        <ORIGY>0.187500</ORIGY>
        <ID>98</ID>
        <URI>images/DSC_0163.JPG</URI>
    </IMAGES>
    <IMAGES>
        <X>0.564093</X>
        <Y>0.558960</Y>
        <ORIGX>0.562500</ORIGX>
        <ORIGY>0.562500</ORIGY>
        <ID>99</ID>
        <URI>images/DSC_0164.JPG</URI>
    </IMAGES>
    <IMAGES>
        <X>0.631062</X>
        <Y>0.065769</Y>
        <ORIGX>0.625000</ORIGX>
        <ORIGY>0.062500</ORIGY>
        <ID>100</ID>
        <URI>images/DSC_0165.JPG</URI>
    </IMAGES>
    <IMAGES>
        <X>0.817740</X>
        <Y>0.077984</Y>
        <ORIGX>0.812500</ORIGX>
        <ORIGY>0.062500</ORIGY>
        <ID>101</ID>
        <URI>images/DSC_0166.JPG</URI>
    </IMAGES>
    <IMAGES>
        <X>0.673394</X>
        <Y>0.604605</Y>
        <ORIGX>0.687500</ORIGX>
        <ORIGY>0.625000</ORIGY>
        <ID>102</ID>
        <URI>images/DSC_0167.JPG</URI>
    </IMAGES>
    <IMAGES>
        <X>0.743257</X>
        <Y>0.614425</Y>
        <ORIGX>0.750000</ORIGX>
        <ORIGY>0.625000</ORIGY>
        <ID>103</ID>
        <URI>images/DSC_0168.JPG</URI>
    </IMAGES>
    <IMAGES>
        <X>0.490439</X>
        <Y>0.563754</Y>
        <ORIGX>0.500000</ORIGX>
        <ORIGY>0.562500</ORIGY>
        <ID>104</ID>
        <URI>images/DSC_0169.JPG</URI>
    </IMAGES>
    <IMAGES>
        <X>0.620918</X>
        <Y>0.565978</Y>
        <ORIGX>0.625000</ORIGX>
        <ORIGY>0.562500</ORIGY>
        <ID>105</ID>
        <URI>images/DSC_0170.JPG</URI>
    </IMAGES>
    <IMAGES>
        <X>0.693773</X>
        <Y>0.512648</Y>
        <ORIGX>0.687500</ORIGX>
        <ORIGY>0.500000</ORIGY>
        <ID>106</ID>
        <URI>images/DSC_0171.JPG</URI>
    </IMAGES>
    <IMAGES>
        <X>0.688259</X>
        <Y>0.376171</Y>
        <ORIGX>0.687500</ORIGX>
        <ORIGY>0.375000</ORIGY>
        <ID>107</ID>
        <URI>images/DSC_0174.JPG</URI>
    </IMAGES>
    <IMAGES>
        <X>0.752703</X>
        <Y>0.186183</Y>
        <ORIGX>0.750000</ORIGX>
        <ORIGY>0.187500</ORIGY>
        <ID>108</ID>
        <URI>images/DSC_0175.JPG</URI>
    </IMAGES>
    <IMAGES>
        <X>0.753880</X>
        <Y>0.070182</Y>
        <ORIGX>0.750000</ORIGX>
        <ORIGY>0.062500</ORIGY>
        <ID>109</ID>
        <URI>images/DSC_0176.JPG</URI>
    </IMAGES>
    <IMAGES>
        <X>0.678553</X>
        <Y>0.433358</Y>
        <ORIGX>0.687500</ORIGX>
        <ORIGY>0.437500</ORIGY>
        <ID>110</ID>
        <URI>images/DSC_0179.JPG</URI>
    </IMAGES>
    <IMAGES>
        <X>0.677819</X>
        <Y>0.266068</Y>
        <ORIGX>0.687500</ORIGX>
        <ORIGY>0.250000</ORIGY>
        <ID>111</ID>
        <URI>images/DSC_0180.JPG</URI>
    </IMAGES>
    <IMAGES>
        <X>0.676070</X>
        <Y>0.074485</Y>
        <ORIGX>0.687500</ORIGX>
        <ORIGY>0.062500</ORIGY>
        <ID>112</ID>
        <URI>images/DSC_0182.JPG</URI>
    </IMAGES>
    <IMAGES>
        <X>0.251325</X>
        <Y>0.428495</Y>
        <ORIGX>0.250000</ORIGX>
        <ORIGY>0.437500</ORIGY>
        <ID>113</ID>
        <URI>images/DSC_0183.JPG</URI>
    </IMAGES>
    <IMAGES>
        <X>0.312882</X>
        <Y>0.560093</Y>
        <ORIGX>0.312500</ORIGX>
        <ORIGY>0.562500</ORIGY>
        <ID>114</ID>
        <URI>images/DSC_0184.JPG</URI>
    </IMAGES>
    <IMAGES>
        <X>0.230194</X>
        <Y>0.570672</Y>
        <ORIGX>0.250000</ORIGX>
        <ORIGY>0.562500</ORIGY>
        <ID>115</ID>
        <URI>images/DSC_0185.JPG</URI>
    </IMAGES>
    <IMAGES>
        <X>0.254544</X>
        <Y>0.262620</Y>
        <ORIGX>0.250000</ORIGX>
        <ORIGY>0.250000</ORIGY>
        <ID>116</ID>
        <URI>images/DSC_0186.JPG</URI>
    </IMAGES>
    <IMAGES>
        <X>0.761291</X>
        <Y>0.319292</Y>
        <ORIGX>0.750000</ORIGX>
        <ORIGY>0.312500</ORIGY>
        <ID>117</ID>
        <URI>images/DSC_0187.JPG</URI>
    </IMAGES>
    <IMAGES>
        <X>0.874380</X>
        <Y>0.257431</Y>
        <ORIGX>0.875000</ORIGX>
        <ORIGY>0.250000</ORIGY>
        <ID>118</ID>
        <URI>images/DSC_0188.JPG</URI>
    </IMAGES>
    <IMAGES>
        <X>0.747603</X>
        <Y>0.499621</Y>
        <ORIGX>0.750000</ORIGX>
        <ORIGY>0.500000</ORIGY>
        <ID>119</ID>
        <URI>images/DSC_0190.JPG</URI>
    </IMAGES>
    <IMAGES>
        <X>0.792749</X>
        <Y>0.489660</Y>
        <ORIGX>0.812500</ORIGX>
        <ORIGY>0.500000</ORIGY>
        <ID>120</ID>
        <URI>images/DSC_0191.JPG</URI>
    </IMAGES>
    <IMAGES>
        <X>0.929860</X>
        <Y>0.191915</Y>
        <ORIGX>0.937500</ORIGX>
        <ORIGY>0.187500</ORIGY>
        <ID>121</ID>
        <URI>images/DSC_0192.JPG</URI>
    </IMAGES>
    <IMAGES>
        <X>0.875501</X>
        <Y>0.074828</Y>
        <ORIGX>0.875000</ORIGX>
        <ORIGY>0.062500</ORIGY>
        <ID>122</ID>
        <URI>images/DSC_0193.JPG</URI>
    </IMAGES>
    <IMAGES>
        <X>0.864530</X>
        <Y>0.312238</Y>
        <ORIGX>0.875000</ORIGX>
        <ORIGY>0.312500</ORIGY>
        <ID>123</ID>
        <URI>images/DSC_0195.JPG</URI>
    </IMAGES>
    <IMAGES>
        <X>0.764658</X>
        <Y>0.544985</Y>
        <ORIGX>0.750000</ORIGX>
        <ORIGY>0.562500</ORIGY>
        <ID>124</ID>
        <URI>images/DSC_0196.JPG</URI>
    </IMAGES>
    <IMAGES>
        <X>0.800543</X>
        <Y>0.314846</Y>
        <ORIGX>0.812500</ORIGX>
        <ORIGY>0.312500</ORIGY>
        <ID>125</ID>
        <URI>images/DSC_0197.JPG</URI>
    </IMAGES>
    <IMAGES>
        <X>0.910914</X>
        <Y>0.250092</Y>
        <ORIGX>0.937500</ORIGX>
        <ORIGY>0.250000</ORIGY>
        <ID>126</ID>
        <URI>images/DSC_0198.JPG</URI>
    </IMAGES>
</IMAG>
<SCALER>1.818176</SCALER>
<TRACKER>
    <THRESHOLD>185</THRESHOLD>
</TRACKER>
<CALIBRATION />
<DST>
    <NE>
        <X>0.775000</X>
        <Y>0.501667</Y>
    </NE>
    <SE>
        <X>0.763333</X>
        <Y>0.151667</Y>
    </SE>
    <SW>
        <X>0.200000</X>
        <Y>0.150000</Y>
    </SW>
    <NW>
        <X>0.180000</X>
        <Y>0.508333</Y>
    </NW>
</DST>
<SRC>
    <NE>
        <X>0.725000</X>
        <Y>0.500000</Y>
    </NE>
    <SE>
        <X>0.728125</X>
        <Y>0.158333</Y>
    </SE>
    <SW>
        <X>0.125000</X>
        <Y>0.127778</Y>
    </SW>
    <NW>
        <X>0.090625</X>
        <Y>0.488889</Y>
    </NW>
</SRC>
